tests/m1 , 2018-10-23 12:46:39.871660596+02:00 , dbd607f36381938f39da3ef57581f365077ec51e ,   124 / 124,  0 / 119, 51%,
tests/m1 , 2018-10-28 02:43:11.796032907+02:00 , dd7c0600cc6db22c4bb504931c99b96c47507e00 ,   122 / 124,  39 / 119, 66%,
tests/m1 , 2018-10-28 19:49:34.565087326+01:00 , 84e8aa6ef52ac66bbfc9a891480cc18375fb7ce8 ,   122 / 124,  15 / 119, 56%,
tests/m1 , 2018-11-02 18:11:22.928925240+01:00 , c34d44de594b9e6ba12355e7b9f303631c613626 ,   122 / 124,  15 / 119, 56%,
tests/m1 , 2018-11-04 19:28:11.464669744+01:00 , 8593532622fbc5f3d65ad318eea5b24a5cbd8cf3 ,   124 / 124,  0 / 119, 51%,
tests/m1 , 2018-11-05 15:39:01.920129797+01:00 , b74a952ce419b73183abdf3a1855c2e808148372 ,   124 / 124,  0 / 119, 51%,
tests/m1 , 2018-11-05 19:43:14.926016423+01:00 , 1321312696e940ec9e7ec72f5934f5630e7c9826 ,   122 / 124,  15 / 119, 56%,
tests/m1 , 2018-11-06 18:24:40.781571396+01:00 , 7acbef1813a77f80d51082116421f44680d6ce70 ,   122 / 124,  15 / 119, 56%,
tests/m1 , 2018-11-10 22:45:22.433300096+01:00 , ed27029b3da18eeec380309f759626b587945c72 ,   122 / 124,  15 / 119, 56%,
tests/m2 , 2018-11-10 22:45:24.120352723+01:00 , ed27029b3da18eeec380309f759626b587945c72 ,   0 / 0,  0 / 72, 0%,
tests/m1 , 2018-11-10 23:45:34.558015290+01:00 , bb9d2d98cb70e3880241b4a75cd2ab8341c8ce33 ,   122 / 124,  15 / 119, 56%,
tests/m2 , 2018-11-10 23:45:36.329159736+01:00 , bb9d2d98cb70e3880241b4a75cd2ab8341c8ce33 ,   0 / 0,  0 / 72, 0%,
tests/m1 , 2018-11-10 23:50:42.953860646+01:00 , aea1983c969dabcb005e17b8449502418c679067 ,   122 / 124,  15 / 119, 56%,
tests/m2 , 2018-11-10 23:50:44.723203559+01:00 , aea1983c969dabcb005e17b8449502418c679067 ,   0 / 0,  0 / 72, 0%,
tests/m1 , 2018-11-11 03:49:32.858649588+01:00 , 57761ff462e389c38ee22cb2d24b8e9229954169 ,   122 / 124,  15 / 119, 56%,
tests/m2 , 2018-11-11 03:49:34.874082900+01:00 , 57761ff462e389c38ee22cb2d24b8e9229954169 ,   0 / 0,  0 / 72, 0%,
tests/m1 , 2018-11-13 10:54:05.148447501+01:00 , 74284e1feb4e9c58ee95b04facfec273d98becc1 ,   122 / 124,  15 / 119, 56%,
tests/m2 , 2018-11-13 10:54:06.832617904+01:00 , 74284e1feb4e9c58ee95b04facfec273d98becc1 ,   0 / 0,  0 / 72, 0%,
tests/m1 , 2018-11-13 10:57:10.258316831+01:00 , d71d4d77c317012e7faa2b9aeda3145d3cfba5d9 ,   122 / 124,  15 / 119, 56%,
tests/m2 , 2018-11-13 10:57:11.884171665+01:00 , d71d4d77c317012e7faa2b9aeda3145d3cfba5d9 ,   0 / 0,  0 / 72, 0%,
tests/m1 , 2018-11-13 11:51:03.233663716+01:00 , e70acc527397de1e555d9cd173ce781da572a773 ,   123 / 124,  20 / 119, 58%,
tests/m2 , 2018-11-13 11:51:04.824532770+01:00 , e70acc527397de1e555d9cd173ce781da572a773 ,   0 / 0,  0 / 72, 0%,
tests/m1 , 2018-11-13 20:56:14.172945314+01:00 , 5c2b6e2bb0d391e54f1490abf6457865f3cf59a5 ,   123 / 124,  20 / 119, 58%,
tests/m2 , 2018-11-13 20:56:15.820435356+01:00 , 5c2b6e2bb0d391e54f1490abf6457865f3cf59a5 ,   0 / 0,  0 / 72, 0%,
tests/m1 , 2018-11-15 16:16:57.493449770+01:00 , d6fd451cd2591715f44683ceef1201f4cea7b361 ,   123 / 124,  18 / 119, 58%,
tests/m2 , 2018-11-15 16:16:59.272938579+01:00 , d6fd451cd2591715f44683ceef1201f4cea7b361 ,   0 / 0,  0 / 72, 0%,
tests/m1 , 2018-11-18 23:52:39.252767413+01:00 , 88e12ef65bb6585ec8f78e084ad0449be9e095a5 ,   124 / 124,  15 / 119, 57%,
tests/m2 , 2018-11-18 23:52:40.964654748+01:00 , 88e12ef65bb6585ec8f78e084ad0449be9e095a5 ,   0 / 0,  0 / 72, 0%,
tests/m1 , 2018-11-21 13:31:43.958125518+01:00 , 78daa19fd094862139c2b662cdeaaca1b6395ca1 ,   124 / 124,  15 / 119, 57%,
tests/m2 , 2018-11-21 13:31:45.854903706+01:00 , 78daa19fd094862139c2b662cdeaaca1b6395ca1 ,   0 / 0,  0 / 72, 0%,
tests/m1 , 2018-11-21 13:34:52.358638887+01:00 , b714ae35586a2b01a4c83a2667bfd2806f0150f5 ,   123 / 124,  94 / 119, 89%,
tests/m2 , 2018-11-21 13:34:54.074746961+01:00 , b714ae35586a2b01a4c83a2667bfd2806f0150f5 ,   0 / 0,  0 / 72, 0%,
tests/m1 , 2018-11-21 13:37:56.695434397+01:00 , e945750e54d8f0eb3676bf3caee2af76ceb3dd54 ,   123 / 124,  94 / 119, 89%,
tests/m2 , 2018-11-21 13:37:58.761296284+01:00 , e945750e54d8f0eb3676bf3caee2af76ceb3dd54 ,   0 / 0,  0 / 72, 0%,
tests/m1 , 2018-11-26 09:33:37.462014745+01:00 , 11b58f132a153da51024fb4fd5523e9574db3005 ,   123 / 124,  94 / 119, 89%,
tests/m2 , 2018-11-26 09:33:39.148154959+01:00 , 11b58f132a153da51024fb4fd5523e9574db3005 ,   0 / 0,  0 / 72, 0%,
tests/m3 , 2018-11-26 09:33:42.090514158+01:00 , 11b58f132a153da51024fb4fd5523e9574db3005 ,   37 / 83,  0 / 56, 26%,
tests/m1 , 2018-11-26 12:22:57.483641396+01:00 , 4fe9a6bc460c2bbda662eca5d27cc6064ed5327b ,   123 / 124,  30 / 119, 62%,
tests/m2 , 2018-11-26 12:22:59.264808560+01:00 , 4fe9a6bc460c2bbda662eca5d27cc6064ed5327b ,   0 / 0,  0 / 72, 0%,
tests/m3 , 2018-11-26 12:23:02.543641948+01:00 , 4fe9a6bc460c2bbda662eca5d27cc6064ed5327b ,   82 / 83,  0 / 56, 58%,
tests/m1 , 2018-11-30 21:36:39.560603142+01:00 , 3d9af6d8e19d9aedc5cc7ca432594069ca3279c9 ,   123 / 124,  116 / 119, 98%,
tests/m2 , 2018-11-30 21:36:41.821616842+01:00 , 3d9af6d8e19d9aedc5cc7ca432594069ca3279c9 ,   0 / 0,  36 / 72, 50%,
tests/m3 , 2018-11-30 21:36:44.950901616+01:00 , 3d9af6d8e19d9aedc5cc7ca432594069ca3279c9 ,   1 / 83,  0 / 56, 0%,
tests/m1 , 2018-12-01 16:30:07.429808316+01:00 , 2d70c10c674fd3b83ac2543fe5b051862ec86e41 ,   124 / 124,  118 / 119, 99%,
tests/m2 , 2018-12-01 16:30:09.898077172+01:00 , 2d70c10c674fd3b83ac2543fe5b051862ec86e41 ,   0 / 0,  44 / 72, 61%,
tests/m3 , 2018-12-01 16:30:13.446975135+01:00 , 2d70c10c674fd3b83ac2543fe5b051862ec86e41 ,   1 / 83,  0 / 56, 0%,
tests/m1 , 2018-12-01 20:30:06.227566539+01:00 , e036cdabd87194f5ec5b71a840df870d7dc1308e ,   124 / 124,  118 / 119, 99%,
tests/m2 , 2018-12-01 20:30:09.273524692+01:00 , e036cdabd87194f5ec5b71a840df870d7dc1308e ,   0 / 0,  62 / 72, 86%,
tests/m3 , 2018-12-01 20:30:12.402427068+01:00 , e036cdabd87194f5ec5b71a840df870d7dc1308e ,   1 / 83,  0 / 56, 0%,
tests/m1 , 2018-12-03 11:06:41.027717270+01:00 , 4184876db222cd0c7fa8258e15ad7a71653c7b01 ,   124 / 124,  118 / 119, 99%,
tests/m2 , 2018-12-03 11:06:43.845664076+01:00 , 4184876db222cd0c7fa8258e15ad7a71653c7b01 ,   0 / 0,  62 / 72, 86%,
tests/m3 , 2018-12-03 11:06:47.043279696+01:00 , 4184876db222cd0c7fa8258e15ad7a71653c7b01 ,   1 / 83,  0 / 56, 0%,
tests/m1 , 2018-12-10 14:40:46.062965182+01:00 , 69abf8b043e5b3adcb42706d72aefda603f9f8ac ,   124 / 124,  118 / 119, 99%,
tests/m2 , 2018-12-10 14:40:49.098475860+01:00 , 69abf8b043e5b3adcb42706d72aefda603f9f8ac ,   0 / 0,  62 / 72, 86%,
tests/m3 , 2018-12-10 14:40:51.732534643+01:00 , 69abf8b043e5b3adcb42706d72aefda603f9f8ac ,   76 / 83,  0 / 56, 54%,
tests/m1 , 2018-12-12 19:13:34.966771876+01:00 , 11bef4c7e52e818dd7921b8a14117a9aaeac4120 ,   124 / 124,  118 / 119, 99%,
tests/m2 , 2018-12-12 19:13:37.884084967+01:00 , 11bef4c7e52e818dd7921b8a14117a9aaeac4120 ,   0 / 0,  62 / 72, 86%,
tests/m3 , 2018-12-12 19:13:40.622503960+01:00 , 11bef4c7e52e818dd7921b8a14117a9aaeac4120 ,   83 / 83,  8 / 56, 65%,
tests/m1 , 2018-12-18 17:37:14.207574558+01:00 , 29fce9f53b6a94b9316333a30f89c0aaa13df632 ,   124 / 124,  118 / 119, 99%,
tests/m2 , 2018-12-18 17:37:17.221156033+01:00 , 29fce9f53b6a94b9316333a30f89c0aaa13df632 ,   0 / 0,  68 / 72, 94%,
tests/m3 , 2018-12-18 17:37:20.571190284+01:00 , 29fce9f53b6a94b9316333a30f89c0aaa13df632 ,   2 / 83,  52 / 56, 38%,
tests/m1 , 2018-12-28 11:12:44.694007762+01:00 , 7a2adeca3e1573c51a4d0d3e3ab109be42c5707c ,   124 / 124,  118 / 119, 99%,
tests/m2 , 2018-12-28 11:12:48.187366259+01:00 , 7a2adeca3e1573c51a4d0d3e3ab109be42c5707c ,   0 / 0,  68 / 72, 94%,
tests/m3 , 2018-12-28 11:12:51.339831874+01:00 , 7a2adeca3e1573c51a4d0d3e3ab109be42c5707c ,   2 / 83,  56 / 56, 41%,
